src	dst
1	0
3	2
2	3
5	4
4	5
5	6
13679000	6
8	7
9	7
36019486	7
7	8
7	9
11	10
10	11
12	11
11	12
14	13
13	14
15	14
16	15
17	15
15	16
17	16
16	17
1708448	17
16966051	17
17	18
20	18
22386902	18
33716568	18
20	19
1708909	19
22456806	19
22515483	19
23190838	19
23657540	19
23659149	19
24871643	19
20	21
4630316	21
23104103	21
24679332	21
24	22
26	22
27	22
22	23
24	23
25	23
26	23
27	23
22	24
23	24
25	24
27	24
26678756	24
22	25
23	25
24	25
26	25
27	25
22	26
24	26
25	26
27	26
22	27
23	27
24	27
25	27
26	27
29	28
31	30
33	32
34	35
37	36
39	38
39	40
42	41
19312961	41
41	42
44	43
43	44
46	44
44	45
44	46
47	46
46	47
49	48
51	50
50	51
53	52
54	55
57	56
56	57
58	59
61	60
63	62
62	63
64	63
20893820	63
63	64
66	65
68	67
67	68
69	70
72	71
74	73
73	74
75	76
77	78
79	80
82	81
84	83
85	83
8233237	83
23932068	84
23934062	84
23934114	84
86	85
87	85
87	86
85	87
86	87
88	87
87	88
7617326	88
34311697	88
90	89
89	90
92	91
40681913	91
91	92
93	92
24546916	92
93	94
96	95
95	96
97	96
23659900	97
23932070	97
23932071	97
23932489	97
23932898	97
23934004	97
23934013	97
23934038	97
23934047	97
23934048	97
23934069	97
23934072	97
23934104	97
23934143	97
23934161	97
23934165	97
23934176	97
23934189	97
23934194	97
99	98
40605770	98
98	99
101	100
100	101
102	101
101	102
18520071	102
104	103
107	105
105	106
107	106
105	107
109	108
110	108
108	109
108	110
114	111
111	112
23932065	112
23932067	112
23932489	112
23933988	112
23933999	112
23934004	112
23934007	112
23934012	112
23934023	112
23934031	112
23934035	112
23934036	112
23934062	112
23934078	112
23934104	112
23934108	112
23934146	112
114	113
16986131	113
111	114
113	114
116	115
211442	115
115	116
21867548	117
117	118
121	118
30909032	118
36817092	118
120	119
119	120
122	120
21815487	120
118	121
122	121
10865692	121
120	122
121	122
7959671	122
21814755	122
122	123
124	123
123	124
211442	124
126	125
211442	125
125	126
128	127
211442	127
127	128
130	129
10313342	129
129	130
211442	130
132	131
22552223	131
22552225	131
22552229	131
131	133
134	133
133	134
211442	134
136	135
211442	135
135	136
138	137
211442	137
137	138
140	139
141	139
139	140
211442	140
143	142
211442	142
24893630	143
145	144
211442	144
17057718	146
146	147
146	148
150	149
153	151
151	152
151	153
155	154
154	155
21523985	155
23933986	155
23934073	155
155	156
157	156
158	156
156	157
156	158
160	159
159	160
161	162
163	164
166	165
168	167
167	168
169	170
25656102	171
171	172
174	173
176	175
177	175
175	176
175	177
178	179
179	180
269171	180
182	181
184	183
276575	183
15550320	184
186	185
185	186
188	187
195	187
21513299	187
23934060	187
23934091	187
24033857	187
24034230	187
24034272	187
24034460	187
188	189
23934060	189
24029429	189
24033872	189
188	190
22551686	190
24037463	190
188	191
20312978	191
188	192
23156141	192
23934060	192
24034074	192
24781757	192
35970824	192
187	195
188	195
193	195
194	195
196	195
197	195
4253861	195
4324871	195
4324873	195
5461056	195
7127901	195
7346211	195
12616417	195
13002184	195
15094252	195
16529917	195
20645485	195
21396711	195
23858183	195
23934031	195
23934060	195
23934083	195
23934095	195
23934111	195
23934131	195
23934162	195
23934166	195
24034391	195
24034682	195
25429270	195
28964153	195
29197706	195
29776499	195
35987871	195
37850249	195
39104767	195
39848360	195
40748243	195
21334488	196
23932068	196
23932894	196
23933989	196
23933994	196
23934000	196
23934002	196
23934028	196
23934031	196
23934032	196
23934045	196
23934051	196
23934054	196
23934066	196
23934081	196
23934105	196
23934127	196
23934157	196
23934166	196
23934168	196
23934185	196
24034144	197
35987759	197
188	198
199	198
198	199
36338032	199
201	200
202	200
200	201
200	202
18757504	202
204	203
203	204
205	204
206	204
23933993	205
23933995	205
23934023	205
23934193	205
23934201	205
204	206
209	207
207	208
207	209
24955487	210
210	211
213	212
212	213
39419882	213
215	214
216	214
217	214
214	215
216	215
214	216
215	216
24894483	216
24894485	216
214	217
218	219
221	220
220	221
223	222
5991342	222
222	223
225	224
224	225
25321446	225
224	226
227	228
230	229
232	231
231	232
234	233
235	233
233	234
779532	235
237	236
21571279	237
239	238
240	241
21468853	242
242	243
244	243
245	243
246	243
243	244
245	244
246	244
243	245
242	246
243	246
244	246
245	246
248	247
34667650	247
247	248
250	249
251	249
249	250
21480508	250
21572797	251
253	252
254	252
255	252
252	253
254	253
255	253
252	254
253	254
255	254
252	255
253	255
254	255
257	256
260	258
258	259
23662649	259
258	260
262	261
263	261
264	261
261	263
264	263
265	263
262	265
264	265
23934107	265
23934113	265
23934124	265
23934202	265
10861688	266
266	267
266	268
266	269
13775787	270
270	271
273	272
272	273
7427554	273
274	275
274	276
280	277
277	278
280	279
279	280
15064752	280
19772787	280
21753145	280
21753202	280
34154409	280
36089859	280
39642233	280
39695331	280
23934137	281
23934139	281
281	282
1147243	282
10898381	282
18376120	282
284	283
285	283
8584020	283
10627685	283
10898381	283
11282599	283
13394565	283
19988408	283
21485929	283
21504609	283
21508205	283
21558169	283
21603864	283
21806031	283
22005016	283
23258741	283
23934025	283
31402915	283
32243195	283
33626869	283
39649696	283
39668120	283
39688116	283
39691849	283
39692949	283
39693126	283
39696951	283
39698159	283
39698928	283
39699090	283
39699228	283
39699574	283
39699633	283
39700504	283
283	284
39670624	284
283	285
19405780	285
22004911	285
22004933	285
23477769	285
27424722	285
36483050	285
39699112	285
39700504	285
287	286
39699307	286
286	287
292	287
32017392	287
39690454	287
39690455	287
39691210	287
39696068	287
39696070	287
39696156	287
39696178	287
39697694	287
39697695	287
39697703	287
39697707	287
39697871	287
39698279	287
39699307	287
287	288
39691208	288
39691210	288
39696006	288
39696068	288
39696070	288
291	289
292	290
289	291
22556178	291
39692887	291
287	292
290	292
291	292
21477121	292
23934072	292
32017392	292
34182757	292
39642247	292
291	293
292	293
32017392	293
39694454	293
291	294
292	294
293	294
32017392	294
39642235	294
296	295
295	296
298	297
15180950	297
297	298
299	300
300	301
21642749	302
302	303
304	305
307	306
21532286	307
308	309
308	310
311	310
310	311
313	311
22671121	311
313	312
15444728	312
21603940	312
21911662	312
21911696	312
36088293	312
36088757	312
311	313
312	313
314	313
23934154	313
313	314
313	315
316	315
311	316
312	316
313	316
314	316
315	316
22671121	316
23934050	316
311	317
23934900	317
24893431	317
24893565	317
24893630	317
24893775	317
24893957	317
24894034	317
24894036	317
24894038	317
24894041	317
24894269	317
24894441	317
24894453	317
24894466	317
24894473	317
24894476	317
24894477	317
24894478	317
24894482	317
24894483	317
24894485	317
24895159	317
24895655	317
31484268	317
319	318
320	318
318	319
318	320
323	321
321	322
22318666	322
22354790	322
23934034	322
23934048	322
23934080	322
23934117	322
23934132	322
23934144	322
321	323
326	325
327	325
20141519	325
22318666	325
21404767	327
21511308	327
21521008	327
21553922	327
23934008	327
23934047	327
23934051	327
23934056	327
23934061	327
23934064	327
23934070	327
23934076	327
23934111	327
23934131	327
23934150	327
23934171	327
23934181	327
23934183	327
23934193	327
23934202	327
24897700	327
25278512	327
31247078	327
31247172	327
31247177	327
31247192	327
329	328
328	329
331	330
330	331
333	332
36411822	332
332	333
333	334
336	335
17997959	335
335	336
337	336
17997959	336
339	338
26265447	338
28222211	339
341	340
343	342
342	343
345	344
344	345
346	347
34328370	347
349	348
348	349
352	350
352	351
350	352
354	353
38526583	353
353	354
356	357
33967149	357
23098833	358
358	359
360	359
361	360
362	360
21453602	360
22457021	360
25581799	360
31435283	360
31435286	360
37248171	360
360	362
12196044	362
21453599	362
21453602	362
21476536	362
21478591	362
21478715	362
21478806	362
21479273	362
21480052	362
21480098	362
21480120	362
21480312	362
21480347	362
21511313	362
21524605	362
21578640	362
21670025	362
21819855	362
22043278	362
22386241	362
22386710	362
22937448	362
22937450	362
23150196	362
23934097	362
32736482	362
33729963	362
37574440	362
40205786	362
40680427	362
364	363
365	363
76051	363
363	364
365	364
363	365
364	365
39644837	365
367	366
368	366
366	367
366	368
23934144	368
370	369
369	370
371	372
373	372
23932068	373
23933028	373
23933988	373
23934001	373
23934006	373
23934011	373
23934012	373
23934014	373
23934022	373
23934078	373
23934079	373
23934095	373
23934130	373
23934149	373
23934159	373
23934165	373
23934177	373
23934181	373
375	374
376	374
19740865	374
377	376
376	377
378	377
379	377
380	377
17304066	377
377	378
377	379
377	380
382	381
383	381
16926984	384
384	386
385	386
29243994	386
388	387
389	387
387	388
391	390
390	391
392	391
390	392
391	392
393	394
395	394
396	394
393	395
396	395
393	396
397	398
397	399
23290311	399
401	400
28117144	400
400	401
402	401
403	401
401	402
401	403
404	403
405	403
891087	403
15439206	403
21813378	403
21813507	403
21813735	403
21816607	403
24200667	403
28827272	403
21462546	404
23932071	404
23932897	404
23933993	404
23934007	404
23934008	404
23934015	404
23934035	404
23934041	404
23934049	404
23934052	404
23934066	404
23934070	404
23934080	404
23934094	404
23934103	404
23934133	404
23934142	404
23934151	404
23934155	404
23934167	404
23934172	404
38905716	404
15439206	405
405	406
20041015	406
21811014	406
21811066	406
21813381	406
21813598	406
21813646	406
21813650	406
21813651	406
24471751	406
24717656	406
21480332	407
21502034	407
21592364	407
23908044	407
23932899	407
23934035	407
23934051	407
23934063	407
23934066	407
23934067	407
23934072	407
23934073	407
23934081	407
23934084	407
23934090	407
23934098	407
23934125	407
23934139	407
23934154	407
23937213	407
407	408
20022814	408
23424848	408
410	409
17237714	409
409	410
412	411
411	412
23934183	412
414	413
23934128	414
416	415
21532286	416
419	417
417	418
417	419
421	420
15218659	420
422	423
425	424
424	425
426	425
428	427
430	429
429	430
432	431
30405514	431
434	433
30405514	433
435	436
437	436
438	436
33762151	436
436	437
436	438
23932067	438
23932070	438
23932269	438
23932489	438
23932899	438
23933407	438
23933989	438
23933994	438
23933999	438
23934005	438
23934009	438
23934013	438
23934041	438
23934071	438
23934097	438
23934099	438
23934107	438
23934126	438
23934134	438
23934139	438
439	440
471	440
20894469	440
20900754	440
20902548	440
20903727	440
439	441
471	441
439	442
471	442
439	443
471	443
439	444
471	444
439	445
471	445
20908259	445
439	446
471	446
439	447
471	447
439	448
471	448
439	449
471	449
439	450
471	450
439	451
471	451
439	452
471	452
439	453
471	453
439	454
471	454
439	455
471	455
439	456
471	456
439	457
471	457
439	458
471	458
439	459
471	459
439	460
471	460
439	461
439	462
471	462
439	463
471	463
439	464
471	464
439	465
471	465
467	466
23932068	466
23934168	466
466	467
468	467
20909482	467
21069986	467
22689696	467
23934144	467
23932065	468
23934008	468
23934051	468
23934055	468
23934062	468
23934064	468
23934095	468
23934100	468
23934117	468
23934126	468
23934128	468
23934132	468
23934134	468
23934143	468
23934144	468
23934174	468
23934175	468
23934177	468
23934200	468
24893631	468
468	469
6744735	469
20892105	469
20897690	469
20897694	469
20897775	469
20900139	469
20901425	469
20902546	469
20902719	469
20903832	469
20904187	469
20904858	469
20905073	469
20906241	469
20906250	469
20906298	469
20906301	469
20906309	469
20906331	469
20906332	469
20906336	469
20906350	469
20906352	469
20906354	469
20906360	469
20906367	469
20906401	469
20906402	469
20906415	469
20906526	469
20908587	469
20915199	469
20915403	469
20918636	469
20927320	469
20929149	469
20995728	469
21081615	469
21125840	469
21453691	469
21514614	469
23932269	469
23933029	469
26557247	469
26640206	469
27465843	469
27893200	469
28755646	469
36588536	469
37724874	469
471	470
20906440	470
1046684	471
471	472
31022665	472
471	473
471	474
471	475
471	476
471	477
471	478
471	479
471	480
471	481
471	482
471	483
471	484
471	485
471	486
471	487
471	488
471	489
471	490
471	491
471	492
471	493
471	494
471	495
471	496
471	497
471	498
471	499
471	500
471	501
471	502
471	503
471	504
471	505
471	506
471	507
471	508
471	509
471	510
471	511
471	512
471	513
471	514
471	515
471	516
471	517
471	518
471	519
471	520
471	521
471	522
471	523
471	524
471	525
471	526
471	527
471	528
471	529
471	530
471	531
471	532
471	533
471	534
471	535
471	536
471	537
471	538
471	539
471	540
471	541
471	542
471	543
471	544
471	545
471	546
471	547
26509930	547
471	548
471	549
551	550
552	550
550	551
550	552
7038611	552
27695478	552
39954877	552
40306941	552
552	553
21148786	553
552	554
33616113	554
38560065	554
552	555
556	555
23933999	555
23934022	555
23934038	555
23934043	555
23934051	555
23934054	555
23934076	555
23934082	555
23934085	555
23934088	555
23934095	555
23934096	555
23934112	555
23934121	555
23934127	555
23934145	555
23934157	555
23934169	555
23934048	556
23934060	556
12936292	557
16134616	557
23934158	557
39954877	557
40253138	557
557	558
11397976	558
559	560
562	561
23465231	562
564	563
33522314	563
563	564
566	565
565	566
567	566
569	566
21484979	566
23934051	566
23934053	566
23934063	566
23934066	566
23934067	566
23934077	566
23934078	566
23934079	566
23934084	566
23934090	566
23934099	566
23934104	566
23934105	566
23934106	566
23934127	566
23934139	566
23934141	566
23934142	566
23934143	566
566	567
566	569
570	569
571	569
572	569
568	570
569	570
571	570
572	570
569	571
570	571
572	571
571	572
573	572
571	573
572	573
572	574
23933989	574
23934078	574
23934137	574
22710129	575
575	576
578	577
577	578
580	579
581	579
18728401	579
13086526	582
582	583
584	583
13086526	583
29414225	583
583	584
586	585
1191276	585
585	586
587	586
588	586
586	588
590	589
591	589
1196728	589
589	590
591	590
589	591
590	591
6703530	591
592	593
595	594
594	595
695	596
596	597
599	597
695	597
599	598
598	599
600	599
602	599
603	599
1635174	599
6092083	599
6690973	599
11660712	599
11695735	599
12052507	599
15555606	599
16685237	599
22404934	599
23908349	599
30678115	599
37074860	599
37079376	599
599	600
23934180	600
23934188	600
599	601
599	603
605	604
695	604
604	605
606	605
605	606
606	607
608	607
14797240	607
37891602	607
23932069	608
23932894	608
23932897	608
23933989	608
23933990	608
23933994	608
23934001	608
23934030	608
23934037	608
23934041	608
23934062	608
23934071	608
23934092	608
23934096	608
23934114	608
23934127	608
23934179	608
23934190	608
23934203	608
23934204	608
695	609
695	610
695	611
695	612
695	613
695	614
695	615
695	616
695	617
695	618
695	619
695	620
695	621
695	622
695	623
695	624
695	625
695	626
695	627
695	628
695	629
695	630
695	631
695	632
695	633
695	634
695	635
695	636
695	637
695	638
695	639
695	640
695	641
695	642
695	643
695	644
695	645
695	646
695	647
695	648
695	649
695	650
695	651
695	652
695	653
695	654
695	655
695	656
695	657
695	658
695	659
695	660
695	661
695	662
695	663
695	664
695	665
211442	665
695	666
695	667
695	668
695	669
695	670
695	671
695	672
695	673
695	674
695	675
695	676
695	677
695	678
695	679
695	680
695	681
695	682
695	683
695	684
695	685
695	686
695	687
23934087	687
695	688
23934109	688
695	689
695	690
23934071	690
695	691
23934032	691
695	692
23934088	692
695	693
23934071	693
695	694
23932898	694
23933992	694
23933995	694
23934007	694
23934027	694
23934030	694
23934031	694
23934042	694
23934060	694
23934069	694
23934089	694
23934094	694
23934126	694
23934133	694
23934136	694
23934166	694
23934190	694
23934197	694
695	696
697	696
698	696
695	697
695	698
40463165	699
699	700
702	701
703	704
705	706
707	706
708	706
710	709
709	710
712	711
1294696	711
711	712
714	713
716	715
717	715
715	716
717	716
718	716
715	717
716	717
718	717
715	718
716	718
717	718
23934137	718
720	719
19295775	719
719	720
21600950	721
721	722
724	723
723	724
24573327	724
726	725
725	726
727	726
730	728
728	729
731	730
730	731
732	731
15817092	731
731	733
732	733
734	733
735	733
737	733
15816647	733
15818416	733
15819436	733
16403133	733
23932071	734
23934008	734
23934025	734
23934032	734
23934033	734
23934046	734
23934055	734
23934065	734
23934068	734
23934080	734
23934085	734
23934110	734
23934125	734
23934130	734
23934145	734
23934174	734
23934184	734
23934197	734
23934203	734
23934205	734
23934082	735
23934196	735
737	736
21484970	736
22987133	736
23932065	736
23932900	736
23933986	736
23933988	736
23933989	736
23934008	736
23934026	736
23934034	736
23934045	736
23934046	736
23934052	736
23934064	736
23934066	736
23934084	736
23934090	736
23934110	736
23934148	736
23934150	736
23934158	736
736	737
21496203	737
739	738
741	740
743	742
742	743
742	744
746	745
745	746
747	746
746	747
749	748
750	748
749	750
21618367	750
752	751
753	751
754	751
13831929	751
13835546	751
751	752
751	753
751	754
756	755
1426034	755
1426034	756
758	757
757	758
760	759
759	760
762	761
763	761
761	762
765	764
764	765
767	766
768	769
771	770
772	770
770	771
23688083	772
24893470	772
773	774
776	775
23934133	776
777	778
780	779
779	780
24573202	780
782	781
781	782
25185829	783
783	784
785	784
784	785
787	786
786	787
788	787
789	787
1597322	787
787	789
791	790
790	791
792	791
791	792
793	792
792	793
21572797	793
22454495	793
22552222	793
22552237	793
22552642	793
795	794
797	796
798	796
796	798
800	799
801	799
802	799
803	799
36239806	799
36239807	799
36239869	799
801	800
804	805
807	806
23932269	806
806	807
808	807
810	809
811	809
809	810
811	810
809	811
810	811
28759524	811
813	812
814	812
816	815
817	815
815	816
23934060	816
815	817
819	818
821	820
823	822
824	822
3953382	824
825	826
827	826
23934013	827
829	828
830	828
828	829
830	829
828	830
829	830
832	831
833	831
23070882	833
841	834
842	834
843	834
844	834
845	834
846	834
847	834
834	835
836	835
837	835
838	835
840	835
841	835
842	835
844	835
845	835
846	835
847	835
848	835
849	835
834	836
837	836
840	836
841	836
842	836
843	836
844	836
845	836
846	836
847	836
849	836
834	837
836	837
838	837
840	837
841	837
842	837
843	837
844	837
845	837
846	837
847	837
848	837
849	837
834	838
840	838
841	838
842	838
843	838
844	838
845	838
846	838
847	838
849	838
834	839
840	839
841	839
842	839
843	839
844	839
845	839
846	839
847	839
834	840
841	840
842	840
843	840
844	840
845	840
846	840
847	840
842	841
843	841
844	841
845	841
846	841
847	841
843	842
844	842
845	842
846	842
847	842
844	843
845	843
846	843
847	843
834	844
836	844
837	844
838	844
840	844
841	844
842	844
843	844
845	844
846	844
847	844
848	844
849	844
852	844
834	845
836	845
837	845
838	845
840	845
841	845
842	845
844	845
846	845
847	845
848	845
849	845
851	845
834	846
835	846
836	846
837	846
838	846
840	846
841	846
842	846
843	846
844	846
845	846
847	846
848	846
849	846
851	846
834	847
835	847
836	847
837	847
838	847
840	847
841	847
842	847
844	847
845	847
846	847
848	847
849	847
851	847
852	847
22460174	847
23835099	847
41331408	847
834	848
836	848
837	848
838	848
840	848
841	848
842	848
843	848
844	848
845	848
846	848
847	848
849	848
24174806	848
834	849
840	849
841	849
842	849
843	849
844	849
845	849
846	849
847	849
41332409	849
842	850
843	850
844	850
845	850
846	850
847	850
845	851
846	851
847	851
22457021	851
22460174	851
23835169	851
23835989	851
40255189	851
23835099	852
852	853
19517831	853
19618235	853
19621762	853
19972752	853
21552111	853
23326621	853
25168093	853
27557971	853
32682033	853
852	854
855	854
3806324	854
5287034	854
5740996	854
7989801	854
13087679	854
13432985	854
14960709	854
19320955	854
20378183	854
21149694	854
21452939	854
21461964	854
21475402	854
21497516	854
21497845	854
21513299	854
21514007	854
21516070	854
21572798	854
21596215	854
21613177	854
21613221	854
21613266	854
21844275	854
22132754	854
22454929	854
22471852	854
22617574	854
22809042	854
22894055	854
22899861	854
23312324	854
23580060	854
23595835	854
23637354	854
23643638	854
23651484	854
23651485	854
23653457	854
23654037	854
23654314	854
23655167	854
23656140	854
23656428	854
23657054	854
23657095	854
23657103	854
23657690	854
23658014	854
23658541	854
23658542	854
23658544	854
23658644	854
23658729	854
23658747	854
23658769	854
23658773	854
23658796	854
23658812	854
23658816	854
23658819	854
23658824	854
23658825	854
23658837	854
23658954	854
23658955	854
23659148	854
23659149	854
23659154	854
23659276	854
23659316	854
23659437	854
23659456	854
23659567	854
23659631	854
23659637	854
23659684	854
23659718	854
23659848	854
23659850	854
23659865	854
23659873	854
23659876	854
23659882	854
23659900	854
23659933	854
23659983	854
23660014	854
23660170	854
23660189	854
23660193	854
23660330	854
23660331	854
23660332	854
23660334	854
23660349	854
23660350	854
23660351	854
23660675	854
23660714	854
23660779	854
23660871	854
23660874	854
23660917	854
23661128	854
23662659	854
23664644	854
23664863	854
23664979	854
23665516	854
23666976	854
23667340	854
23671648	854
23671653	854
23671690	854
23672004	854
23674073	854
23689726	854
23932065	854
23932069	854
23932070	854
23932071	854
23932896	854
23932899	854
23932900	854
23932901	854
23933988	854
23934044	854
23934048	854
23934049	854
23934050	854
23934058	854
23934132	854
23934133	854
23934137	854
23934162	854
23934163	854
23934167	854
23934172	854
23934177	854
23934180	854
23934198	854
23934199	854
23934900	854
24174914	854
24174915	854
24175147	854
24586995	854
24701316	854
24891378	854
24891383	854
24891388	854
24891673	854
24891829	854
24891893	854
24892128	854
24892606	854
24892945	854
24893455	854
24893493	854
24893494	854
24893495	854
24893496	854
24893525	854
24893630	854
24893775	854
24893792	854
24893793	854
24893798	854
24893819	854
24894482	854
24894485	854
24895261	854
24895833	854
24895835	854
24898625	854
24898626	854
24904439	854
24904869	854
24904963	854
24952194	854
24955306	854
24955313	854
26384576	854
26385155	854
26385157	854
33379185	854
38047696	854
38470305	854
38563419	854
854	855
21551733	855
21572748	855
22121429	855
22463673	855
22463996	855
23658744	855
23658778	855
23659155	855
23659175	855
23659591	855
23659593	855
23659713	855
23659841	855
23659852	855
23659875	855
23659876	855
23659879	855
23659902	855
23659941	855
23660332	855
23660333	855
23660433	855
23660436	855
23664527	855
23932065	855
23932068	855
23932899	855
23934201	855
29482468	855
36139912	855
38482757	855
857	856
858	859
860	859
859	860
859	861
863	862
41650355	862
864	865
867	866
869	868
868	869
871	870
870	871
873	872
872	873
872	874
21423143	874
876	875
875	876
877	876
875	877
876	877
879	878
2062385	878
2062391	879
18759785	880
880	881
882	881
20579603	881
36277957	881
21850311	882
21850418	882
23660331	882
23671670	882
23686664	882
23934048	882
23934060	882
23934159	882
23934168	882
23934199	882
23934900	882
24891384	882
24893431	882
24893525	882
24893630	882
24893793	882
24893795	882
24893809	882
24893824	882
24898663	882
24899916	882
24902894	882
24905818	882
32816989	882
32817954	882
884	883
18759785	883
19475082	883
19475886	883
883	884
886	885
888	887
887	888
890	888
890	889
889	890
891	890
893	890
947459	890
21679614	890
22719032	890
24249522	890
35002173	890
35433396	890
890	891
893	892
15166977	892
17786283	892
21676175	892
22687560	892
890	893
8238867	893
17728571	893
21676175	893
23934060	893
33664357	893
40712611	893
895	894
896	895
23934137	895
895	896
897	896
896	897
899	898
898	899
901	900
900	901
900	902
905	903
21592779	903
22755994	903
905	904
906	904
903	905
904	905
906	905
904	906
905	906
908	907
907	909
13480004	909
910	911
910	912
21495747	912
22893763	912
914	913
19820938	913
913	914
916	915
915	916
918	917
919	917
917	918
917	919
919	920
17921531	920
19175349	920
922	921
924	923
923	924
925	926
926	927
928	929
2201867	930
930	931
2201867	931
2201867	932
932	933
2201867	933
935	934
2201867	934
2201867	935
938	936
939	936
940	936
936	937
938	937
939	937
940	937
936	938
939	938
940	938
936	939
938	939
940	939
936	940
938	940
939	940
942	941
7963454	943
943	944
944	945
947	946
949	948
951	950
950	951
950	952
953	952
952	953
955	954
956	954
954	955
954	956
959	957
959	958
961	960
963	960
960	961
960	962
961	962
23934027	962
965	964
966	967
968	967
969	968
10001038	969
17121044	969
26431321	970
970	971
26431321	971
973	972
972	973
23663707	973
975	974
974	975
977	976
17769316	976
976	977
979	978
978	979
981	980
982	980
980	981
980	982
981	982
6031752	982
984	983
985	986
989	986
3115898	986
28028852	986
986	987
988	987
989	987
988	989
31083036	990
989	991
990	991
18128515	991
22598259	991
32735188	992
992	993
994	995
996	997
999	998
998	999
1000	999
23934097	1000
23932071	1001
23934025	1001
23934080	1001
23934196	1001
1000	1002
1001	1002
23935760	1002
24193315	1002
1005	1003
1003	1004
1005	1004
1005	1006
19311562	1006
1005	1007
1005	1008
1005	1009
1005	1010
1005	1011
1005	1012
1005	1013
1005	1014
1005	1015
1005	1016
1005	1017
1005	1018
1005	1019
1005	1020
1005	1021
1005	1022
1005	1023
1005	1024
1005	1025
1005	1026
1005	1027
1005	1028
1005	1029
1005	1030
1005	1031
1005	1032
1005	1033
1005	1034
18668135	1034
1005	1035
13045735	1035
32860633	1035
1037	1036
25400147	1036
1038	1039
1042	1041
1040	1042
1044	1043
2536980	1043
1043	1044
1068	1045
1068	1046
1068	1047
1068	1048
1068	1049
1068	1050
1068	1051
1068	1052
1068	1053
1068	1054
1068	1055
1068	1056
1068	1057
1068	1058
1068	1059
1068	1060
1068	1061
1068	1062
1068	1063
2539859	1063
1068	1064
2539859	1064
1068	1065
2539859	1065
1068	1066
23909125	1066
1068	1067
2539859	1067
1068	1069
2539859	1069
23934049	1069
27696644	1069
1068	1070
1068	1071
1070	1071
1072	1071
2539859	1071
2902706	1071
24543433	1071
1073	1074
23934023	1075
23932071	1076
23934096	1076
23934133	1076
23934158	1076
23934168	1076
23934176	1076
40248979	1076
1073	1077
1075	1077
1076	1077
1078	1077
1079	1077
1080	1077
9566968	1077
16557292	1077
16794831	1077
19914269	1077
20097533	1077
21424848	1077
22552222	1077
23312511	1077
23324519	1077
27698566	1077
31412913	1077
34280188	1077
39020255	1077
39933333	1077
39934628	1077
39934828	1077
39935726	1077
39936017	1077
39941699	1077
22551957	1078
39935478	1080
21310691	1081
1081	1082
1084	1083
1083	1084
1085	1086
1088	1087
1087	1088
1090	1089
1091	1089
23141846	1089
14309580	1090
1092	1091
1094	1091
1091	1092
1091	1093
30530134	1093
40129768	1093
40132648	1093
1091	1094
1095	1094
1094	1095
1097	1096
1098	1099
1100	1099
1099	1100
1102	1101
1104	1103
1106	1105
1105	1106
1107	1106
1106	1107
1107	1108
25347592	1108
40233212	1108
1110	1109
1109	1110
1109	1111
1112	1111
24536914	1111
1111	1112
1113	1112
1114	1112
11079140	1112
21341842	1112
40627460	1112
40727474	1112
1112	1113
21423612	1113
1112	1114
23934077	1115
1117	1116
4677914	1116
16734391	1116
21524766	1116
28157833	1116
33543282	1116
36779235	1116
1114	1117
1115	1117
1116	1117
21595434	1117
23934165	1117
31051390	1117
1119	1118
19804058	1118
1118	1119
1119	1120
1121	1120
1120	1121
1122	1121
23908045	1121
23934049	1121
23934199	1121
34002331	1121
21484981	1122
23908044	1122
23933989	1122
23934008	1122
23934011	1122
23934034	1122
23934048	1122
23934056	1122
23934064	1122
23934077	1122
23934078	1122
23934080	1122
23934090	1122
23934104	1122
23934113	1122
23934118	1122
23934120	1122
23934132	1122
23934141	1122
23934174	1122
1124	1123
21495762	1124
1128	1125
1129	1125
1125	1126
1127	1126
1128	1126
1129	1126
1130	1126
1125	1127
1128	1127
1129	1127
1130	1127
1125	1128
1126	1128
1127	1128
1129	1128
1130	1128
1125	1129
1126	1129
1127	1129
1128	1129
1130	1129
21991231	1129
1125	1130
1126	1130
1127	1130
1128	1130
1129	1130
21513299	1130
31108100	1130
1130	1131
1132	1131
29790178	1132
29790179	1132
1134	1133
1133	1134
1136	1135
1139	1137
1137	1138
18104051	1139
1141	1140
1140	1141
1142	1143
1144	1143
1142	1144
1145	1144
1146	1144
1147	1144
2681966	1144
21924889	1144
20417613	1145
21796155	1145
23934099	1145
1146	1147
7232474	1147
23933989	1147
24223259	1147
30617591	1147
30617724	1147
1149	1148
1148	1149
1151	1150
1152	1150
1152	1151
23956323	1151
1150	1152
1151	1152
1153	1152
1154	1152
1155	1152
7638444	1152
16216156	1152
29544652	1152
1152	1153
1152	1154
1157	1156
1156	1157
1159	1158
11636116	1158
1158	1159
1160	1161
1162	1161
1163	1162
1162	1163
19894592	1163
21461968	1163
21532286	1163
22613792	1163
28200332	1163
29494043	1163
1164	1165
1167	1166
1168	1166
1170	1169
1171	1170
1170	1171
21592331	1171
21623789	1171
1173	1172
1172	1173
1173	1174
1175	1174
1176	1174
13514677	1174
17668818	1174
21518766	1174
22550179	1174
31595785	1174
1174	1175
1174	1176
32974019	1176
1178	1177
22552538	1178
1180	1179
1181	1182
1184	1183
1185	1183
2782650	1183
31325939	1183
1183	1184
1183	1185
1187	1186
7947445	1186
1186	1187
21954416	1188
1188	1189
36115344	1189
1191	1190
1192	1190
21530370	1190
30875567	1190
30879745	1190
1190	1191
1190	1192
1192	1193
1195	1194
1194	1195
1197	1196
22138825	1197
1199	1198
18391090	1198
1200	1201
1202	1201
1200	1202
1201	1202
1204	1203
23463440	1203
1203	1204
1206	1205
1208	1207
1209	1207
1207	1208
16307673	1210
1210	1211
1210	1212
1210	1213
1210	1214
1210	1215
1210	1216
1210	1217
1210	1218
1210	1219
1210	1220
1222	1221
1221	1222
1223	1224
1225	1224
1226	1224
1224	1226
21574290	1226
21875838	1226
21876188	1226
1228	1227
1229	1227
1230	1227
1231	1227
1232	1227
1240	1227
1241	1227
21618892	1227
1227	1228
1229	1228
1230	1228
1231	1228
1232	1228
1235	1228
1237	1228
1239	1228
1227	1229
1228	1229
1230	1229
1231	1229
1236	1229
1241	1229
1227	1230
1228	1230
1229	1230
1231	1230
1233	1230
1234	1230
1236	1230
1238	1230
1239	1230
1241	1230
1227	1231
1228	1231
1229	1231
1230	1231
1232	1231
1236	1231
1237	1231
1238	1231
1240	1231
21618892	1231
24895261	1231
1227	1232
1228	1232
1231	1232
1230	1233
1230	1234
1229	1236
1230	1236
1231	1236
1235	1236
1237	1236
1228	1237
1231	1237
1236	1237
1238	1237
1240	1237
1241	1237
1228	1238
1230	1238
1231	1238
1237	1238
1239	1238
1240	1238
1241	1238
1230	1239
1238	1239
1240	1239
1227	1240
1231	1240
1237	1240
1238	1240
1239	1240
1241	1240
1227	1241
1229	1241
1230	1241
1231	1241
1236	1241
1237	1241
1238	1241
1239	1241
1240	1241
1243	1242
1244	1242
1242	1243
1242	1244
1246	1245
1247	1245
1248	1245
1256	1245
2726011	1245
16303624	1245
20210211	1245
22279255	1245
22826393	1245
40234270	1245
23932067	1247
23933999	1247
23934013	1247
23934023	1247
23934041	1247
23934045	1247
23934060	1247
23934062	1247
23934068	1247
23934070	1247
23934095	1247
23934123	1247
23934137	1247
23934139	1247
23934143	1247
23934158	1247
23934159	1247
23934168	1247
23934177	1247
23934199	1247
19599958	1248
1251	1249
23934079	1249
21923339	1250
23841471	1250
23933997	1250
23934000	1250
23934010	1250
23934023	1250
23934026	1250
23934047	1250
23934050	1250
23934056	1250
23934065	1250
23934070	1250
23934083	1250
23934086	1250
23934098	1250
23934101	1250
23934107	1250
23934114	1250
23934120	1250
23934130	1250
23934136	1250
23934150	1250
23934159	1250
1249	1251
1250	1251
1256	1251
26002758	1251
1253	1252
5755667	1252
21445121	1252
37272351	1252
24713481	1253
1253	1254
1255	1254
1256	1254
1257	1254
63341	1254
3482863	1254
4935919	1254
5177673	1254
6577412	1254
16255159	1254
19188314	1254
22620384	1254
23934156	1254
1254	1255
15498697	1256
23934150	1256
1254	1257
1258	1257
1257	1258
1260	1259
22687669	1259
1259	1260
1261	1260
1260	1261
1263	1262
1264	1262
21499942	1262
1262	1263
1262	1264
1266	1265
21969884	1266
1268	1267
1270	1269
1269	1270
1271	1270
1272	1270
26213862	1270
1270	1271
1272	1271
1270	1272
1274	1273
1275	1273
1276	1273
1277	1273
1278	1273
1279	1273
1280	1273
1281	1273
1282	1273
1283	1273
1284	1273
1285	1273
1286	1273
1287	1273
1288	1273
1289	1273
1290	1273
1292	1273
10111023	1273
10215665	1273
13774292	1273
15453178	1273
26793817	1273
26793818	1273
28287703	1273
33318200	1273
41175713	1273
1273	1274
1273	1275
1273	1276
1273	1277
1273	1278
1273	1279
1273	1280
1273	1281
1273	1282
1273	1283
1273	1284
1273	1285
1273	1286
1273	1287
1273	1288
1273	1289
1273	1290
1292	1291
1293	1291
30871179	1291
1273	1292
1291	1293
1295	1294
1294	1295
1297	1296
1298	1296
1296	1297
28880086	1298
39670143	1298
1300	1299
1299	1300
1305	1300
1308	1300
1303	1301
396691	1301
15185521	1301
21127052	1301
21514337	1301
21536486	1301
21871319	1301
22436607	1301
22533885	1301
23628219	1301
23640828	1301
32028926	1301
1305	1302
23934163	1302
23934174	1302
33067437	1302
1305	1303
13206969	1303
41372595	1303
1303	1304
1305	1304
1306	1304
7820605	1304
7987643	1304
7987645	1304
14227990	1304
15185521	1304
21226065	1304
21513299	1304
21639132	1304
21669897	1304
22167828	1304
23934050	1304
23934081	1304
23934096	1304
23934123	1304
23934128	1304
24485767	1304
27497733	1304
30712559	1304
31958265	1304
31975600	1304
35968422	1304
38760350	1304
1302	1305
1303	1305
1304	1305
1306	1305
1528829	1305
5199201	1305
15185521	1305
16888991	1305
18905058	1305
19229134	1305
21638815	1305
22940003	1305
24891673	1305
38760350	1305
23934049	1306
23934199	1306
24628810	1306
1300	1308
1307	1308
1300	1309
1310	1309
1311	1309
1319	1309
8906428	1309
21513299	1309
23081970	1309
23933986	1309
23933989	1309
23934060	1309
23934144	1309
23934172	1309
24513641	1309
26648209	1309
29637591	1309
1309	1310
23932901	1311
23933029	1311
23933999	1311
23934016	1311
23934017	1311
23934028	1311
23934050	1311
23934063	1311
23934123	1311
23934124	1311
23934132	1311
23934133	1311
23934134	1311
23934140	1311
23934148	1311
23934200	1311
1313	1312
5019273	1312
20001048	1312
21921108	1312
1312	1313
21485039	1314
22457147	1314
23934050	1314
23934183	1314
23934187	1314
1314	1315
1314	1316
1314	1317
1318	1317
1323	1317
15144848	1317
21658261	1317
21895795	1317
1319	1320
1321	1320
12638714	1322
23932900	1322
1322	1323
20686831	1323
1325	1324
1326	1324
1324	1325
1326	1325
1324	1326
24943182	1327
1327	1328
1329	1328
1330	1328
1328	1329
1328	1330
1330	1331
1331	1333
1332	1333
1334	1333
25098357	1333
28332090	1333
35353445	1333
1333	1334
23933028	1334
23933986	1334
23934015	1334
23934020	1334
23934023	1334
23934033	1334
23934041	1334
23934050	1334
23934051	1334
23934070	1334
23934083	1334
23934096	1334
23934110	1334
23934111	1334
23934130	1334
23934175	1334
23934185	1334
23934186	1334
23934201	1334
23934210	1334
1336	1335
2989524	1335
1335	1336
23934085	1336
1338	1337
1339	1337
31938940	1337
1337	1338
1337	1339
1340	1339
1341	1340
1340	1341
1343	1342
1344	1342
24893775	1343
1346	1345
36112821	1345
1345	1346
1348	1347
1348	1349
23932071	1349
23934076	1349
24893631	1349
1349	1350
1351	1350
23465528	1350
23467185	1350
1352	1351
1351	1352
10102908	1352
21882820	1352
1354	1353
1355	1353
1353	1354
1353	1355
1357	1356
1360	1358
1360	1359
23934056	1359
1360	1361
15849657	1361
1363	1362
1362	1363
1366	1364
1367	1364
1368	1364
1366	1365
1367	1365
1368	1365
1364	1366
1365	1366
1367	1366
1368	1366
1364	1367
1365	1367
1366	1367
1368	1367
1364	1368
1365	1368
1366	1368
1367	1368
25695569	1368
33412026	1368
33412027	1368
33412028	1368
1370	1369
26906132	1369
1369	1370
1372	1371
1371	1372
1374	1373
1375	1373
1373	1374
1373	1375
4441947	1375
1377	1376
1376	1377
1376	1378
1377	1378
24894482	1378
1376	1379
1377	1379
1380	1379
1382	1381
1383	1381
978712	1381
1381	1382
1381	1383
1384	1383
1383	1384
1386	1385
1387	1385
1388	1385
1385	1386
1385	1387
1385	1388
1389	1388
1391	1390
1392	1393
1394	1393
1397	1395
1395	1396
21566346	1396
16111311	1397
1398	1399
1398	1400
1398	1401
1398	1402
1399	1402
1400	1402
1401	1402
1403	1402
31109064	1402
1398	1403
23934037	1403
1404	1405
1406	1405
1407	1405
1409	1405
1412	1408
8229235	1408
15127474	1408
29168514	1408
29171394	1408
29175603	1408
1408	1409
1411	1409
15520623	1409
34692865	1409
1412	1410
19909395	1410
21500663	1410
22068694	1410
23933987	1410
23934049	1410
23934132	1410
23934148	1410
23934150	1410
23934199	1410
1412	1411
8350789	1411
21513038	1411
21614278	1411
21628677	1411
21640914	1411
21897556	1411
22746954	1411
23339480	1411
23479948	1411
23934060	1411
25371311	1411
25376250	1411
25379075	1411
25452187	1411
25687497	1411
25780161	1411
27690748	1411
28268229	1411
29165762	1411
29169639	1411
29170699	1411
29171034	1411
29171313	1411
29171530	1411
29171565	1411
29171578	1411
29171613	1411
29171726	1411
29171830	1411
29171859	1411
29172067	1411
39652511	1411
39652902	1411
39653079	1411
1408	1412
1409	1412
1410	1412
1411	1412
13600684	1412
19905812	1412
21462598	1412
21513299	1412
21527846	1412
21532116	1412
21557852	1412
21572793	1412
21662778	1412
21806397	1412
22663351	1412
22685064	1412
23934048	1412
23934134	1412
23934142	1412
23934143	1412
23934159	1412
24893496	1412
24895833	1412
27640666	1412
29164818	1412
29165762	1412
29167763	1412
29169112	1412
31478501	1412
31524440	1412
33720549	1412
34692865	1412
35251816	1412
36376873	1412
38340829	1412
38340830	1412
38340880	1412
38340895	1412
41058972	1412
41369425	1412
1412	1413
21522427	1413
23932069	1413
23934056	1413
1415	1414
1416	1414
1417	1414
32944644	1414
1414	1415
4449962	1416
1419	1418
1420	1418
1418	1419
1418	1420
1421	1420
21443644	1420
1420	1421
23658758	1421
23934054	1421
1420	1422
1421	1422
4657504	1422
8228286	1422
12686822	1422
18817999	1422
21440052	1422
21441460	1422
21442352	1422
21442439	1422
21443644	1422
21443664	1422
23765161	1422
27731465	1422
33221590	1422
34290064	1422
35325007	1422
37394992	1422
40702976	1422
1422	1423
2865890	1423
20806413	1423
21442275	1423
21442352	1423
21442766	1423
21442992	1423
21443170	1423
21443664	1423
21444351	1423
23934050	1423
1424	1425
1426	1425
1427	1425
23932065	1426
23932895	1426
23933996	1426
23934019	1426
23934029	1426
23934053	1426
23934063	1426
23934092	1426
23934093	1426
23934100	1426
23934137	1426
23934146	1426
23934152	1426
23934160	1426
23934163	1426
23934165	1426
23934170	1426
23934176	1426
23934181	1426
23937213	1426
1430	1428
1431	1428
1430	1429
1431	1429
1428	1430
1429	1430
1431	1430
1429	1431
1430	1431
1432	1431
1433	1431
1431	1432
1431	1433
1435	1434
1437	1436
11618519	1436
1436	1437
1439	1438
1438	1439
1439	1440
1736200	1440
10930838	1440
26655876	1440
1442	1441
1443	1441
19764930	1442
1445	1444
19958767	1444
1447	1446
1446	1447
1447	1448
1450	1449
1449	1450
1452	1451
36816626	1451
1451	1452
1454	1453
1455	1453
2704588	1453
6477297	1453
15169461	1453
16898869	1453
21423268	1453
24513912	1453
21423922	1454
1453	1455
11011921	1455
1461	1456
24349081	1456
1458	1457
1459	1457
1460	1457
1461	1457
1457	1458
1459	1458
1460	1458
1461	1458
1457	1459
1458	1459
1460	1459
1461	1459
1457	1460
1458	1460
1459	1460
1461	1460
1457	1461
1458	1461
1459	1461
1460	1461
23934023	1461
1463	1462
21566553	1463
1465	1464
1464	1465
23932065	1466
1464	1467
1466	1467
1468	1467
1469	1467
5818480	1467
9250551	1467
20250477	1467
24122801	1467
33717454	1467
23932896	1468
23934010	1468
23934013	1468
23934021	1468
23934023	1468
23934036	1468
23934040	1468
23934047	1468
23934051	1468
23934061	1468
23934062	1468
23934071	1468
23934083	1468
23934099	1468
23934114	1468
23934135	1468
23934140	1468
23934155	1468
23934174	1468
23934179	1468
1467	1469
17993443	1469
18140586	1469
19675013	1469
21464068	1469
21480861	1469
21504113	1469
21509908	1469
21617703	1469
21617800	1469
21617845	1469
21617869	1469
21618040	1469
21618653	1469
21618699	1469
21684895	1469
21766073	1469
21766100	1469
22709215	1469
23934137	1469
23934142	1469
23934187	1469
30184515	1469
40614244	1469
1471	1470
1473	1472
1472	1473
1473	1474
21484981	1474
23932066	1474
23932899	1474
23933989	1474
23934048	1474
23934050	1474
23934057	1474
23934064	1474
23934065	1474
23934068	1474
23934081	1474
23934106	1474
23934108	1474
23934118	1474
23934121	1474
23934149	1474
23934173	1474
23934197	1474
23934200	1474
23934205	1474
1476	1475
14438736	1475
1477	1478
23934048	1478
1480	1479
1479	1480
21149694	1480
1482	1481
1485	1481
1485	1483
1485	1484
1481	1485
1483	1485
1484	1485
1486	1485
3362661	1485
1485	1486
4848818	1487
8216421	1487
13072921	1487
13829941	1487
15685388	1487
19498620	1487
21893810	1487
24181942	1487
24191884	1487
32728791	1487
38033634	1487
38100227	1487
41314934	1487
1487	1488
8917042	1488
10019741	1488
20103199	1488
22110851	1488
22155494	1488
23092531	1488
1490	1489
14956391	1489
1489	1490
1492	1491
1491	1492
1494	1493
1495	1493
30882774	1493
1493	1495
1497	1496
1498	1499
1501	1500
1503	1502
1504	1502
1505	1504
21590953	1504
1506	1507
23934078	1507
23934146	1507
40746778	1507
40497936	1508
1506	1509
1508	1509
1511	1509
21206890	1509
21484981	1509
21513299	1509
21576668	1509
23908044	1509
23932899	1509
23933986	1509
23934052	1509
23934062	1509
23934063	1509
23934067	1509
23934071	1509
23934080	1509
23934082	1509
23934125	1509
23934132	1509
23934134	1509
23934137	1509
23934138	1509
23934142	1509
23934154	1509
23934201	1509
30669157	1509
1504	1510
1511	1510
1512	1510
21624716	1510
25162670	1510
1509	1511
1510	1512
1511	1512
1513	1512
6829448	1512
21469713	1512
21514790	1512
21609417	1512
23719876	1512
25143432	1512
25167843	1512
25168227	1512
25171115	1512
1512	1513
15261609	1513
1514	1515
1517	1516
1519	1518
1520	1518
1521	1518
1518	1519
1520	1519
1521	1519
1519	1520
1521	1520
1518	1521
1519	1521
1520	1521
1522	1523
1525	1524
21442764	1525
1526	1527
1526	1528
1526	1529
1526	1530
1526	1531
1526	1532
1526	1533
1526	1534
1526	1535
1526	1536
1526	1537
1526	1538
1526	1539
1526	1540
1542	1541
1543	1541
3481725	1541
19649726	1541
21176630	1541
21469342	1541
21597011	1541
21597016	1541
22457156	1541
22469469	1541
22809498	1541
22893763	1541
23451603	1541
24088877	1541
25987346	1541
32384187	1541
38291759	1541
1541	1542
4628319	1542
1543	1544
8094974	1544
1546	1545
1545	1546
1548	1547
1547	1548
1549	1548
22552222	1548
1548	1549
1551	1550
11356612	1552
1552	1553
1555	1554
3501469	1554
21030199	1555
1557	1556
1556	1557
1558	1557
1557	1558
1559	1558
1558	1559
21484979	1559
21484980	1559
21484994	1559
23932069	1559
23933989	1559
23934034	1559
23934048	1559
23934052	1559
23934071	1559
23934076	1559
23934089	1559
23934094	1559
23934099	1559
23934117	1559
23934128	1559
23934132	1559
23934139	1559
23934150	1559
23934183	1559
23934185	1559
24893427	1559
1561	1560
1562	1560
30429319	1560
1560	1561
1562	1561
1561	1562
1564	1563
1565	1563
1566	1563
1567	1563
1563	1564
1565	1564
1566	1564
1567	1564
1563	1565
1564	1565
1566	1565
1567	1565
1563	1566
1564	1566
1565	1566
1567	1566
1563	1567
1564	1567
1565	1567
1566	1567
25687497	1567
1568	1569
1571	1570
1572	1570
23932065	1570
23934050	1570
23934132	1570
1568	1571
12236380	1571
1570	1572
23933994	1572
23934011	1572
23934016	1572
23934042	1572
23934043	1572
23934046	1572
23934052	1572
23934054	1572
23934055	1572
23934062	1572
23934080	1572
23934097	1572
23934115	1572
23934139	1572
23934141	1572
23934153	1572
23934164	1572
23934185	1572
23934204	1572
23934208	1572
1581	1573
1573	1574
1576	1574
1577	1574
1578	1574
1580	1574
1581	1574
1582	1574
1574	1575
1576	1575
1577	1575
1578	1575
1580	1575
1581	1575
1583	1575
1574	1576
1578	1576
1580	1576
1581	1576
1582	1576
1583	1576
1574	1577
1576	1577
1578	1577
1579	1577
1580	1577
1581	1577
1582	1577
1583	1577
1584	1577
1573	1578
1574	1578
1576	1578
1579	1578
1580	1578
1581	1578
1582	1578
1574	1579
1577	1579
1578	1579
1580	1579
1581	1579
1583	1579
1574	1580
1578	1580
1579	1580
1581	1580
1573	1581
1574	1581
1576	1581
1577	1581
1578	1581
1579	1581
1582	1581
1574	1582
1577	1582
1578	1582
1580	1582
1581	1582
1583	1582
1577	1583
1582	1583
1584	1583
1574	1584
1578	1584
1580	1584
1574	1585
1587	1586
3554608	1586
1589	1588
1590	1588
1591	1588
1592	1588
1594	1588
1591	1589
1588	1590
1589	1590
1592	1590
1588	1591
1592	1591
1588	1592
1589	1592
1590	1592
1591	1592
1593	1592
1594	1592
1588	1593
1592	1593
1592	1594
1596	1594
1594	1595
21465115	1596
1596	1597
1596	1598
6623540	1599
14773135	1599
15423643	1599
22003058	1599
1599	1600
20689789	1600
22509589	1600
23934050	1600
23934070	1600
1596	1601
1599	1601
1602	1601
12289875	1601
21320267	1601
21465115	1601
23934156	1601
23934177	1601
1601	1602
1603	1602
6560408	1602
21320267	1602
23934156	1602
24892990	1602
1602	1603
14761114	1603
23932901	1603
23933998	1603
23934006	1603
23934013	1603
23934027	1603
23934032	1603
23934038	1603
23934050	1603
23934054	1603
23934097	1603
23934101	1603
23934106	1603
23934120	1603
23934139	1603
23934154	1603
23934161	1603
23934164	1603
23934182	1603
23934185	1603
23934194	1603
23937213	1603
1605	1604
12073550	1604
1605	1606
21524023	1606
23932067	1606
23932895	1606
23933995	1606
23934028	1606
23934032	1606
23934054	1606
23934057	1606
23934079	1606
23934091	1606
23934095	1606
23934096	1606
23934102	1606
23934105	1606
23934106	1606
23934150	1606
23934154	1606
23934171	1606
23934185	1606
23934193	1606
23934194	1606
24892454	1606
32552886	1606
34224916	1606
1607	1608
1610	1609
3601144	1609
1609	1610
1612	1611
1611	1612
16874567	1612
1611	1613
1614	1613
1619	1613
1619	1615
1619	1616
1619	1617
1613	1619
1615	1619
1616	1619
1617	1619
1618	1619
1620	1619
3609010	1619
13833853	1619
21629130	1619
29903908	1619
40705308	1619
41332359	1619
1618	1620
1619	1620
13832002	1620
13833853	1620
21515774	1620
21522427	1620
21629130	1620
23934050	1620
23934056	1620
23934063	1620
23934078	1620
1622	1621
1624	1623
21104785	1623
1623	1624
1626	1625
1627	1625
1628	1625
1629	1625
1630	1625
1631	1625
1632	1625
1633	1625
1634	1625
1635	1625
1636	1625
1637	1625
1638	1625
21893923	1625
1625	1626
1627	1626
1628	1626
1629	1626
1630	1626
1631	1626
1632	1626
1633	1626
1634	1626
1635	1626
1636	1626
1637	1626
1625	1627
1626	1627
1628	1627
1629	1627
1630	1627
1631	1627
1632	1627
1633	1627
1634	1627
1635	1627
1636	1627
1637	1627
1625	1628
1626	1628
1627	1628
1629	1628
1630	1628
1631	1628
1632	1628
1633	1628
1634	1628
1635	1628
1636	1628
1637	1628
1638	1628
1625	1629
1626	1629
1627	1629
1628	1629
1630	1629
1631	1629
1632	1629
1633	1629
1634	1629
1635	1629
1636	1629
1637	1629
1638	1629
1625	1630
1626	1630
1627	1630
1628	1630
1629	1630
1631	1630
1632	1630
1633	1630
1634	1630
1635	1630
1636	1630
1637	1630
1638	1630
1625	1631
1628	1631
1629	1631
1630	1631
1632	1631
1633	1631
1634	1631
1635	1631
1636	1631
1637	1631
1638	1631
1625	1632
1627	1632
1628	1632
1629	1632
1630	1632
1631	1632
1633	1632
1634	1632
1635	1632
1636	1632
1637	1632
1638	1632
1625	1633
1626	1633
1627	1633
1628	1633
1629	1633
1630	1633
1631	1633
1632	1633
1634	1633
1635	1633
1636	1633
1637	1633
1638	1633
1625	1634
1627	1634
1628	1634
1629	1634
1630	1634
1631	1634
1632	1634
1633	1634
1635	1634
1636	1634
1637	1634
1638	1634
1625	1635
1626	1635
1627	1635
1628	1635
1629	1635
1630	1635
1631	1635
1632	1635
1633	1635
1634	1635
1636	1635
1637	1635
1638	1635
1625	1636
1626	1636
1627	1636
1628	1636
1629	1636
1630	1636
1631	1636
1632	1636
1633	1636
1634	1636
1635	1636
1637	1636
1638	1636
1627	1637
1628	1637
1629	1637
1630	1637
1631	1637
1632	1637
1633	1637
1634	1637
1635	1637
1636	1637
1638	1637
1625	1638
1628	1638
1629	1638
1631	1638
1632	1638
1633	1638
1634	1638
1635	1638
1636	1638
1637	1638
24554444	1638
1640	1639
1639	1640
1642	1641
1643	1642
17680040	1643
1643	1644
1645	1644
21473948	1644
23610604	1644
23934181	1644
29965279	1644
1644	1645
20366525	1645
29965131	1645
1647	1646
3663174	1646
1646	1647
1649	1648
38084736	1648
1651	1650
38084736	1650
1653	1652
38084736	1652
1655	1654
38084736	1654
1657	1656
41231452	1656
1656	1657
1659	1658
1660	1658
1658	1660
7917162	1660
16505620	1660
19920458	1660
21573167	1660
25799966	1660
25808474	1660
25812755	1660
1660	1661
1662	1661
13526999	1661
23934050	1661
21174804	1662
21536000	1662
21592338	1662
21592355	1662
21592371	1662
23833117	1662
23833515	1662
23833897	1662
23934050	1662
23934066	1662
25807715	1662
25811197	1662
25811702	1662
40867930	1662
1663	1664
1665	1664
23932066	1666
23932067	1666
23932896	1666
23932899	1666
23933029	1666
23933990	1666
23934002	1666
23934014	1666
23934048	1666
23934061	1666
23934064	1666
23934074	1666
23934082	1666
23934089	1666
23934102	1666
23934110	1666
23934115	1666
23934125	1666
23934128	1666
23934167	1666
23934179	1666
23934183	1666
1666	1667
1668	1667
3683601	1667
3683614	1667
14345949	1667
33701035	1667
40227569	1667
40230373	1667
1667	1668
1669	1668
1668	1669
1671	1670
29069914	1670
1673	1672
40069967	1672
1673	1675
1674	1675
15982901	1675
23934103	1675
24139065	1675
25473874	1675
40072830	1675
40076765	1675
40082243	1675
1675	1676
1678	1677
1679	1677
24894483	1677
1677	1678
1677	1679
1677	1680
1681	1680
1679	1681
1680	1681
1683	1682
1682	1683
1685	1684
28648011	1684
1684	1685
1687	1686
39696163	1686
17990759	1688
1688	1689
1697	1690
11402333	1690
19476635	1690
21449736	1690
21495762	1690
21514102	1690
21628745	1690
23934076	1690
36280569	1690
40212886	1690
40790111	1690
1690	1691
1693	1692
1692	1693
1694	1693
1695	1693
1696	1693
1697	1693
23691500	1694
23932065	1694
23932069	1694
23934047	1694
23934051	1694
23934079	1694
23934134	1694
23934158	1694
23934183	1694
24893455	1694
24904229	1694
6819639	1695
19265037	1695
21606646	1695
22703221	1695
1697	1696
11391141	1696
19473307	1696
21484989	1696
23932899	1696
23934046	1696
23934048	1696
23934051	1696
23934130	1696
23934132	1696
1690	1697
36280569	1697
1697	1698
1699	1698
1700	1701
1700	1702
1704	1703
1705	1703
1705	1704
1704	1705
23932065	1705
25563827	1705
25564097	1705
1707	1706
4555560	1706
23719180	1708
1708	1709
1710	1711
40718932	1711
1713	1712
1717	1712
1712	1713
1714	1713
1717	1713
1713	1714
1715	1714
1717	1714
1714	1715
1717	1715
1717	1716
23933998	1716
23934008	1716
23934013	1716
23934031	1716
23934033	1716
23934040	1716
23934041	1716
23934050	1716
23934065	1716
23934070	1716
23934097	1716
23934101	1716
23934107	1716
23934112	1716
23934120	1716
23934155	1716
23934161	1716
23934185	1716
23934187	1716
23937213	1716
1717	1718
21931609	1718
1717	1719
21462024	1719
21480818	1719
21572797	1719
21616094	1719
22151987	1719
22152097	1719
23934054	1719
23934100	1719
23934116	1719
23934128	1719
23934131	1719
23934146	1719
23934202	1719
40705329	1719
1717	1720
21423279	1720
21423985	1720
21424066	1720
21424070	1720
1717	1721
1717	1722
1717	1723
23932897	1723
23933988	1723
23933991	1723
23934005	1723
23934013	1723
23934019	1723
23934032	1723
23934057	1723
23934080	1723
23934081	1723
23934084	1723
23934089	1723
23934092	1723
23934097	1723
23934109	1723
23934110	1723
23934128	1723
23934133	1723
23934134	1723
23934205	1723
1717	1724
1717	1725
1717	1726
1717	1727
1717	1728
1717	1729
1717	1730
1717	1731
1717	1732
1717	1733
1717	1734
1717	1735
1717	1736
1717	1737
1717	1738
1717	1739
1717	1740
1717	1741
1717	1742
1717	1743
1717	1744
1717	1745
1717	1746
1747	1748
1750	1749
1749	1751
1752	1751
18393818	1751
24446423	1751
25615882	1751
29924290	1751
40162670	1752
1754	1753
1755	1753
1756	1753
1755	1754
1753	1755
1754	1755
1756	1755
1753	1756
1754	1756
1755	1756
27845093	1757
1757	1758
1760	1759
21617800	1760
1762	1761
1761	1762
1763	1762
1762	1763
1035053	1764
1764	1765
1766	1765
20563633	1765
20563728	1765
20563751	1765
21469314	1765
21476339	1765
21557705	1765
21659271	1765
21659273	1765
21664723	1765
21852575	1765
21893625	1765
21923029	1765
21923259	1765
21931747	1765
21935572	1765
21979586	1765
22086414	1765
22376373	1765
23110297	1765
23934117	1765
23934144	1765
24507482	1765
33832253	1765
38080354	1765
39871290	1765
40413077	1765
41462351	1765
1764	1767
13306385	1767
21549556	1767
22373248	1767
22556793	1767
26273682	1767
39651275	1767
39689895	1767
39697581	1767
39698664	1767
39698928	1767
39699391	1767
40789570	1767
40789699	1767
1762	1768
1767	1768
1769	1768
13306385	1768
27682196	1769
1772	1770
34834839	1770
1770	1771
1772	1771
15826238	1771
1770	1772
1771	1772
1773	1772
1774	1772
1772	1773
9940297	1773
18894808	1773
19377918	1773
19834346	1773
19834424	1773
21613218	1773
23671653	1773
23934048	1773
23934050	1773
23934169	1773
23934175	1773
23934177	1773
23934186	1773
23934900	1773
24700511	1773
24871646	1773
24871849	1773
24891383	1773
24891384	1773
24892942	1773
24892945	1773
24893431	1773
24893630	1773
24893775	1773
24893793	1773
24894483	1773
24894485	1773
24896589	1773
39907276	1773
39910060	1773
1775	1776
1775	1777
1778	1777
1779	1777
8304896	1777
11689805	1777
17590399	1777
19308973	1777
20093883	1777
21468128	1777
22987224	1777
27625881	1777
28962109	1777
31291569	1777
1782	1780
1783	1780
1784	1780
1785	1780
1786	1780
1787	1780
1788	1780
1789	1780
1790	1780
28962681	1780
1780	1781
1782	1781
1783	1781
1784	1781
1785	1781
1786	1781
1787	1781
1788	1781
1789	1781
1780	1782
1781	1782
1783	1782
1784	1782
1785	1782
1786	1782
1787	1782
1788	1782
1789	1782
1780	1783
1781	1783
1782	1783
1784	1783
1785	1783
1786	1783
1787	1783
1788	1783
1789	1783
1780	1784
1781	1784
1782	1784
1783	1784
1785	1784
1786	1784
1787	1784
1788	1784
1789	1784
1790	1784
1780	1785
1781	1785
1782	1785
1783	1785
1784	1785
1786	1785
1787	1785
1788	1785
1789	1785
1790	1785
1780	1786
1781	1786
1782	1786
1783	1786
1784	1786
1785	1786
1787	1786
1788	1786
1789	1786
1790	1786
1780	1787
1781	1787
1782	1787
1783	1787
1784	1787
1785	1787
1786	1787
1788	1787
1789	1787
1790	1787
1780	1788
1781	1788
1782	1788
1783	1788
1784	1788
1785	1788
1786	1788
1787	1788
1789	1788
1790	1788
1780	1789
1781	1789
1782	1789
1783	1789
1784	1789
1785	1789
1786	1789
1787	1789
1788	1789
1790	1789
1780	1790
1783	1790
1784	1790
1785	1790
1786	1790
1787	1790
1788	1790
1789	1790
1792	1791
1791	1792
1794	1793
10191721	1793
1793	1794
1796	1795
27425459	1795
1799	1797
1797	1798
1799	1798
1799	1800
23932067	1800
23932901	1800
23933029	1800
23933987	1800
23934017	1800
23934031	1800
23934035	1800
23934037	1800
23934051	1800
23934074	1800
23934081	1800
23934132	1800
23934136	1800
23934144	1800
23934165	1800
23934172	1800
23934174	1800
23934177	1800
23934179	1800
23934205	1800
1799	1801
1803	1802
1802	1803
1804	1805
1807	1806
1809	1806
1811	1806
1812	1806
1813	1806
1814	1806
1815	1806
1816	1806
1818	1806
1819	1806
1820	1806
1822	1806
1823	1806
1824	1806
1825	1806
1826	1806
1827	1806
1828	1806
1829	1806
1830	1806
1831	1806
1832	1806
1833	1806
1834	1806
1835	1806
4392049	1806
4763430	1806
5722894	1806
6659885	1806
10706919	1806
10965390	1806
11228584	1806
11598924	1806
13481101	1806
15391005	1806
20312643	1806
23521158	1806
27572530	1806
38211840	1806
38377166	1806
40267650	1806
41502145	1806
41502206	1806
1806	1807
1806	1808
1806	1809
1806	1810
1806	1811
1806	1812
1806	1813
1806	1814
1806	1815
1806	1816
1806	1817
1806	1818
1806	1819
1806	1820
1806	1821
1806	1822
1806	1823
1806	1824
1806	1830
1806	1831
1806	1832
1806	1833
1806	1834
24893632	1834
1806	1835
1835	1836
21600807	1836
22663448	1836
22664713	1836
23062310	1836
23063210	1836
23744831	1836
23744850	1836
23934060	1836
23934131	1836
24032302	1836
24032488	1836
24033856	1836
24034022	1836
24034156	1836
24034212	1836
24034231	1836
24034283	1836
24034459	1836
24034545	1836
1838	1837
1839	1838
1838	1839
1841	1840
1840	1841
1842	1841
1843	1841
1841	1842
1843	1842
1841	1843
1842	1843
1844	1845
1846	1845
1868	1845
1861	1846
1863	1846
1846	1847
1848	1847
1849	1847
1850	1847
1851	1847
1852	1847
1853	1847
1854	1847
1855	1847
1856	1847
1857	1847
1858	1847
1859	1847
1860	1847
1861	1847
1862	1847
1863	1847
19496793	1847
19496921	1847
1847	1848
1850	1848
1852	1848
1853	1848
1854	1848
1855	1848
1856	1848
1857	1848
1858	1848
1859	1848
1860	1848
1861	1848
1862	1848
1847	1849
1850	1849
1851	1849
1852	1849
1853	1849
1854	1849
1855	1849
1856	1849
1857	1849
1858	1849
1860	1849
1861	1849
1862	1849
1846	1850
1847	1850
1848	1850
1849	1850
1851	1850
1852	1850
1853	1850
1854	1850
1855	1850
1856	1850
1857	1850
1858	1850
1859	1850
1860	1850
1861	1850
1862	1850
1863	1850
1847	1851
1849	1851
1850	1851
1854	1851
1855	1851
1856	1851
1857	1851
1858	1851
1859	1851
1860	1851
1861	1851
1862	1851
1847	1852
1848	1852
1849	1852
1850	1852
1853	1852
1854	1852
1855	1852
1856	1852
1857	1852
1858	1852
1859	1852
1860	1852
1861	1852
1862	1852
1846	1853
1847	1853
1848	1853
1849	1853
1850	1853
1852	1853
1855	1853
1856	1853
1857	1853
1858	1853
1859	1853
1860	1853
1861	1853
1862	1853
1863	1853
